model,total,with_prediction,with_run,success,model_improved,human_improved,human_total_improved,apply,correctness,performance,human_performance,human_total_performance,repo
results/mini_swe_agent_20250919_181920/gemini-v25-pro,140,9,7,7,0.0,0.036500000000000005,15.19269580721917,0.05,0.05,0.0,0.0002607142857142857,0.10851925576585121,total
results/mini_swe_agent_20250919_181920/gemini-v25-pro,12,9,7,7,0.0,0.036500000000000005,0.6115000000000004,0.5833333333333334,0.5833333333333334,0.0,0.003041666666666667,0.05095833333333336,astropy/astropy
