model,total,with_prediction,with_run,success,model_improved,human_improved,human_total_improved,apply,correctness,performance,human_performance,human_total_performance,repo
results/mini_swe_agent_20250919_165219/gemini-v25-pro,140,9,4,4,0.0,0.0165,15.19269580721917,0.02857142857142857,0.02857142857142857,0.0,0.00011785714285714286,0.10851925576585121,total
results/mini_swe_agent_20250919_165219/gemini-v25-pro,12,9,4,4,0.0,0.0165,0.6115000000000004,0.3333333333333333,0.3333333333333333,0.0,0.0013750000000000001,0.05095833333333336,astropy/astropy
