model,total,with_prediction,with_run,success,model_improved,human_improved,human_total_improved,apply,correctness,performance,human_performance,human_total_performance,repo
results/mini_swe_agent_20250919_170802/gemini-v25-pro,140,9,8,8,0.06425000000000004,0.47150000000000036,15.19269580721917,0.05714285714285714,0.05714285714285714,0.0004589285714285717,0.0033678571428571455,0.10851925576585121,total
results/mini_swe_agent_20250919_170802/gemini-v25-pro,12,9,8,8,0.06425000000000004,0.47150000000000036,0.6115000000000004,0.6666666666666666,0.6666666666666666,0.00535416666666667,0.0392916666666667,0.05095833333333336,astropy/astropy
