model,total,with_prediction,with_run,success,model_improved,human_improved,human_total_improved,apply,correctness,performance,human_performance,human_total_performance,repo
results/mini_swe_agent_20250919_200825/gemini-v25-pro,140,9,7,7,0.10675000000000008,0.04050000000000001,15.19269580721917,0.05,0.05,0.0007625000000000006,0.00028928571428571436,0.10851925576585121,total
results/mini_swe_agent_20250919_200825/gemini-v25-pro,12,9,7,7,0.10675000000000008,0.04050000000000001,0.6115000000000004,0.5833333333333334,0.5833333333333334,0.00889583333333334,0.003375000000000001,0.05095833333333336,astropy/astropy
